ID,Severity,Module,Title,Status,Owner,Found,Steps to reproduce,Expected,Actual,Workaround,Evidence
ADM-001,Critical,Auth,Public admin registration creates a full admin,Open,Unassigned,2026-10-08,"POST /api/admin/auth/register with name, email, and password. No Authorization header.",Only an existing admin can create another admin or registration is disabled after the first account.,The route is public. It creates an admin and returns access and refresh tokens.,Block POST /api/admin/auth/register at the proxy until the route requires an admin or is removed.,Backend/routes/adminRoutes/authRoutes.js; Backend/controllers/adminControllers/authController.js register
ADM-002,High,Auth,Token refresh is overwritten by Redux profile updates,Open,Unassigned,2026-10-08,Stay logged in until the access token expires. Trigger any admin API call so the client refreshes tokens. Then load the layout profile or save Admin Profile.,localStorage and Redux both keep the new access and refresh tokens.,api.js writes the new tokens only to localStorage. setAdmin then writes the old Redux tokens back. The next call can 401 and log the admin out.,Sign in again.,AdminPannel/src/api.js refreshAdminToken; AdminPannel/src/store/authSlice.js setAdmin; AdminLayout.jsx; AdminProfile.jsx
ADM-003,High,Service enquiries,Notification opens the enquiry list and drops the id,Open,Unassigned,2026-10-08,Create a service enquiry as a user. Open the admin bell and click the new-enquiry notification.,The panel opens that enquiry.,The link is /admin/enquiries/:id. That route redirects to /admin/venue-enquiries and discards the id.,Search Service Enquiries by enquiry number name or phone.,Backend/controllers/userControllers/venueEnquiryController.js linkPath; AdminPannel/src/routes/adminRoutes.jsx enquiries/:id; HeaderNotifications.jsx
ADM-004,High,Auth,Forgot password reports that email was sent and no email is sent,Open,Unassigned,2026-10-08,POST /api/admin/auth/forgot-password with a real admin email. Look for a reset mail and for a forgot-password screen on the admin login page.,The admin receives a reset link and can set a new password in the panel.,The API stores a token and returns a success message. No mail is sent. The login page has no reset flow. In development the raw token is in the JSON body.,Reset the password in the database or call reset-password with the dev token.,Backend/controllers/adminControllers/authController.js forgotPassword; AdminPannel login has no forgot-password page
ADM-005,Medium,Service enquiries,Quote amount is blank on the enquiry detail,Open,Unassigned,2026-10-08,Create an enquiry that includes booking dates so the server prices it. Open that row in Admin > Service Enquiries.,The detail shows the calculated total.,The API stores quote.grandTotal. The panel reads quote.total so the amount is empty.,Read quote.grandTotal from the database.,Backend/utils/venueEnquiry.js buildEnquiryFields; AdminPannel/src/pages/venues/VenueEnquiryPage.jsx quote block
ADM-006,Medium,Promotions,Promo code screens are not in the sidebar,Open,Unassigned,2026-10-08,Look through the admin sidebar for promo or coupon codes. Then open /admin/promo.,Promo codes are listed under Promotion Management.,The menu only has advertising Dashboard Plans and Requests. Coupon CRUD exists only at /admin/promo.,Open /admin/promo directly.,AdminPannel/src/routes/adminRoutes.jsx promo routes; AdminPannel/src/data/navItems.js
ADM-007,Medium,Navigation,Sidebar groups do not follow the active page,Open,Unassigned,2026-10-08,"1) Collapse Service Management then open Service Enquiries. 2) Open Promotion Management > Plans. 3) Open Orders.",The group that contains the page stays open and highlighted. Orders does not highlight Ecom.,venue-enquiries is missing from pathInGroup. promotion-ads is never auto-opened. The ecom regex includes orders so Ecom looks active on the Orders page.,Open the group manually.,AdminPannel/src/components/Sidebar.jsx pathInGroup and openGroups
ADM-008,Medium,Catalog,Child categories cannot be managed in admin and products ignore them,Open,Unassigned,2026-10-08,Look for a Child Categories screen. Create a product in admin and inspect the payload.,Admin can create and assign a child category.,There is no screen. Product add and edit always send childCategory as an empty string. The API /api/admin/child-categories exists and vendors can create them.,Use the vendor catalog API.,Backend/routes/index.js child-categories; AdminPannel/src/api/adminChildCategories.js; ProductAdd.jsx and ProductEdit.jsx payload
ADM-009,Low,Navigation,Commission Reports and Recharge routes still say Coming soon,Open,Unassigned,2026-10-08,Open /admin/commission or /admin/reports or /admin/recharge.,Those areas are either removed or implemented. Recharge history is the Mobile Gas and Fastag pages.,Each URL renders a Coming soon placeholder. The sidebar links are commented out.,Use Mobile Recharge Gas Recharge and Fastag Recharge for recharge history.,AdminPannel/src/routes/adminRoutes.jsx; AdminPannel/src/pages/SectionPage.jsx; navItems.js commented links
ADM-010,Low,Auth,Password reset token is stored in plain text,Open,Unassigned,2026-10-08,Call forgot-password for an admin and read resetPasswordToken on the admin document. In development also read the JSON response.,The stored value is a hash. The raw token is not returned by the API.,The database stores the same token the client must send. Development responses include resetToken.,Treat a database export as enough to reset admin passwords until those tokens expire.,Backend/controllers/adminControllers/authController.js forgotPassword and resetPassword
ADM-011,Low,Vendors,Pending approval does not deactivate an already active vendor,Open,Unassigned,2026-10-08,PATCH /api/admin/vendors/:id with approvalStatus pending for a vendor that is already approved and active.,approvalStatus becomes pending and status becomes inactive.,approvalStatus becomes pending and status stays active. The edit form disables this field so the panel does not send it. Approve and reject on the view page are fine.,Use Reject on the vendor view page or set status inactive in the edit form.,Backend/utils/vendorApproval.js applyVendorApprovalStatus; AdminPannel/src/pages/vendor/VendorAdd.jsx
ADM-012,Low,Hot deals,Invalid daily hours fail as a validation error,Open,Unassigned,2026-10-08,POST /api/admin/hot-deals/rules with dailyStartHour set to a non-numeric string such as abc.,The API returns 400 with a clear invalid hour message.,Number(abc) becomes NaN and the save fails mongoose validation.,Use the panel hour inputs which only send numbers.,Backend/controllers/adminControllers/hotDealController.js buildRulePayload
